# GNI CLAIM BINDINGS - generation S108 (roadmap 3 row R3-3, DECISION S107-5).
# One or more rows per claim id. Columns:  id  fitness(F-*|UNMEASURED)  fragment|reason
# A fitness row names a function in tools/gni_fitness.py and a VERBATIM fragment of the
# claim; the function parses the claimed value out of the fragment and measures the tree.
# STATUS IS NEVER WRITTEN HERE. UNMEASURED rows give a reason; UNREVIEWED means no one has
# yet looked for a fitness function for that claim - it is not a finding about the claim.
CLM-001	UNMEASURED	PROVENANCE
CLM-002	UNMEASURED	HISTORICAL
CLM-003	UNMEASURED	HISTORICAL
CLM-004	UNMEASURED	HISTORICAL
CLM-005	UNMEASURED	HISTORICAL
CLM-006	UNMEASURED	PROMISE
CLM-007	UNMEASURED	PROMISE
CLM-008	UNMEASURED	PROMISE
CLM-009	UNMEASURED	HISTORICAL
CLM-010	UNMEASURED	HISTORICAL
CLM-011	UNMEASURED	HISTORICAL
CLM-012	UNMEASURED	HISTORICAL
CLM-013	UNMEASURED	HISTORICAL
CLM-014	UNMEASURED	HISTORICAL
CLM-015	UNMEASURED	HISTORICAL
CLM-016	UNMEASURED	HISTORICAL
CLM-017	UNMEASURED	HISTORICAL
CLM-018	UNMEASURED	HISTORICAL
CLM-019	UNMEASURED	HISTORICAL
CLM-020	UNMEASURED	HISTORICAL
CLM-021	UNMEASURED	HISTORICAL
CLM-022	UNMEASURED	HISTORICAL
CLM-023	UNMEASURED	HISTORICAL
CLM-024	UNMEASURED	HISTORICAL
CLM-025	UNMEASURED	PROMISE
CLM-026	UNMEASURED	PROMISE
CLM-027	UNMEASURED	PROMISE
CLM-028	UNMEASURED	PROMISE
CLM-029	UNMEASURED	PROMISE
CLM-030	UNMEASURED	PROMISE
CLM-031	UNMEASURED	PROMISE
CLM-032	UNMEASURED	PROMISE
CLM-033	UNMEASURED	PROMISE
CLM-034	UNMEASURED	PROMISE
CLM-035	UNMEASURED	PROMISE
CLM-036	UNMEASURED	PROMISE
CLM-037	UNMEASURED	PROMISE
CLM-038	UNMEASURED	PROMISE
CLM-039	UNMEASURED	PROMISE
CLM-040	UNMEASURED	PROMISE
CLM-041	UNMEASURED	PROMISE
CLM-042	UNMEASURED	PROMISE
CLM-043	UNMEASURED	PROMISE
CLM-044	UNMEASURED	PROMISE
CLM-045	UNMEASURED	PROMISE
CLM-046	UNMEASURED	PROMISE
CLM-047	UNMEASURED	PROMISE
CLM-048	UNMEASURED	HISTORICAL
CLM-049	UNMEASURED	HISTORICAL
CLM-050	UNMEASURED	HISTORICAL
CLM-051	UNMEASURED	HISTORICAL
CLM-052	UNMEASURED	HISTORICAL
CLM-053	UNMEASURED	HISTORICAL
CLM-054	UNMEASURED	HISTORICAL
CLM-055	UNMEASURED	HISTORICAL
CLM-056	UNMEASURED	HISTORICAL
CLM-057	UNMEASURED	HISTORICAL
CLM-058	UNMEASURED	PROMISE
CLM-059	UNMEASURED	PROMISE
CLM-060	UNMEASURED	PROMISE
CLM-061	UNMEASURED	PROMISE
CLM-062	UNMEASURED	HISTORICAL
CLM-063	UNMEASURED	PROMISE
CLM-064	UNMEASURED	PROMISE
CLM-065	UNMEASURED	PROMISE
CLM-066	UNMEASURED	PROMISE
CLM-067	UNMEASURED	PROMISE
CLM-068	UNMEASURED	HISTORICAL
CLM-069	UNMEASURED	PROMISE
CLM-070	UNMEASURED	PROMISE
CLM-071	UNMEASURED	PROMISE
CLM-072	UNMEASURED	PROMISE
CLM-073	UNMEASURED	PROMISE
CLM-074	UNMEASURED	PROMISE
CLM-075	UNMEASURED	PROMISE
CLM-076	UNMEASURED	PROMISE
CLM-077	UNMEASURED	PROMISE
CLM-078	UNMEASURED	PROMISE
CLM-079	UNMEASURED	PROMISE
CLM-080	UNMEASURED	PROMISE
CLM-081	UNMEASURED	PROMISE
CLM-082	UNMEASURED	PROMISE
CLM-083	UNMEASURED	PROMISE
CLM-084	UNMEASURED	PROMISE
CLM-085	UNMEASURED	PROMISE
CLM-086	UNMEASURED	PROMISE
CLM-087	UNMEASURED	PROMISE
CLM-088	UNMEASURED	HISTORICAL
CLM-089	UNMEASURED	PROMISE
CLM-090	UNMEASURED	PROMISE
CLM-091	UNMEASURED	HISTORICAL
CLM-092	UNMEASURED	PROMISE
CLM-093	UNMEASURED	PROMISE
CLM-094	UNMEASURED	PROMISE
CLM-095	UNMEASURED	PROMISE
CLM-096	UNMEASURED	PROMISE
CLM-097	UNMEASURED	PROMISE
CLM-098	UNMEASURED	PROMISE
CLM-099	UNMEASURED	PROMISE
CLM-100	UNMEASURED	PROMISE
CLM-101	UNMEASURED	PROMISE
CLM-102	UNMEASURED	PROMISE
CLM-103	UNMEASURED	PROMISE
CLM-104	UNMEASURED	PROMISE
CLM-105	UNMEASURED	PROMISE
CLM-106	UNMEASURED	PROMISE
CLM-107	UNMEASURED	PROMISE
CLM-108	UNMEASURED	PROMISE
CLM-109	UNMEASURED	PROMISE
CLM-110	UNMEASURED	PROMISE
CLM-111	UNMEASURED	PROMISE
CLM-112	UNMEASURED	PROMISE
CLM-113	UNMEASURED	PROMISE
CLM-114	UNMEASURED	PROMISE
CLM-115	UNMEASURED	PROMISE
CLM-116	UNMEASURED	PROMISE
CLM-117	UNMEASURED	PROMISE
CLM-118	UNMEASURED	PROMISE
CLM-119	UNMEASURED	PROMISE
CLM-120	UNMEASURED	PROMISE
CLM-121	UNMEASURED	PROMISE
CLM-122	UNMEASURED	PROMISE
CLM-123	UNMEASURED	PROMISE
CLM-124	UNMEASURED	PROMISE
CLM-125	UNMEASURED	PROMISE
CLM-126	UNMEASURED	PROMISE
CLM-127	UNMEASURED	PROMISE
CLM-128	UNMEASURED	PROMISE
CLM-129	UNMEASURED	PROMISE
CLM-130	UNMEASURED	PROMISE
CLM-131	UNMEASURED	PROMISE
CLM-132	UNMEASURED	PROMISE
CLM-133	UNMEASURED	PROMISE
CLM-134	UNMEASURED	PROMISE
CLM-135	UNMEASURED	PROMISE
CLM-136	UNMEASURED	PROMISE
CLM-137	UNMEASURED	PROMISE
CLM-138	UNMEASURED	PROMISE
CLM-139	UNMEASURED	PROMISE
CLM-140	UNMEASURED	PROMISE
CLM-141	UNMEASURED	PROMISE
CLM-142	UNMEASURED	PROMISE
CLM-143	UNMEASURED	PROMISE
CLM-144	UNMEASURED	PROMISE
CLM-145	UNMEASURED	PROMISE
CLM-146	UNMEASURED	PROMISE
CLM-147	UNMEASURED	PROMISE
CLM-148	UNMEASURED	PROMISE
CLM-149	UNMEASURED	PROMISE
CLM-150	UNMEASURED	PROMISE
CLM-151	UNMEASURED	PROMISE
CLM-152	UNMEASURED	PROMISE
CLM-153	UNMEASURED	PROMISE
CLM-154	UNMEASURED	PROMISE
CLM-155	UNMEASURED	PROMISE
CLM-156	UNMEASURED	PROMISE
CLM-157	UNMEASURED	HISTORICAL
CLM-158	UNMEASURED	HISTORICAL
CLM-159	UNMEASURED	HISTORICAL
CLM-160	UNMEASURED	HISTORICAL
CLM-161	UNMEASURED	HISTORICAL
CLM-162	UNMEASURED	HISTORICAL
CLM-163	UNMEASURED	HISTORICAL
CLM-164	UNMEASURED	HISTORICAL
CLM-165	UNMEASURED	PROMISE
CLM-166	UNMEASURED	PROMISE
CLM-167	UNMEASURED	HISTORICAL
CLM-168	UNMEASURED	HISTORICAL
CLM-169	UNMEASURED	HISTORICAL
CLM-170	UNMEASURED	HISTORICAL
CLM-171	UNMEASURED	HISTORICAL
CLM-172	UNMEASURED	HISTORICAL
CLM-173	UNMEASURED	HISTORICAL
CLM-174	UNMEASURED	HISTORICAL
CLM-175	UNMEASURED	HISTORICAL
CLM-176	UNMEASURED	HISTORICAL
CLM-177	UNMEASURED	HISTORICAL
CLM-178	UNMEASURED	HISTORICAL
CLM-179	UNMEASURED	HISTORICAL
CLM-180	UNMEASURED	PROMISE
CLM-181	UNMEASURED	PROMISE
CLM-182	UNMEASURED	PROMISE
CLM-183	UNMEASURED	PROMISE
CLM-184	UNMEASURED	PROMISE
CLM-185	UNMEASURED	PROMISE
CLM-186	UNMEASURED	PROMISE
CLM-187	UNMEASURED	PROMISE
CLM-188	UNMEASURED	PROMISE
CLM-189	UNMEASURED	PROMISE
CLM-190	UNMEASURED	PROMISE
CLM-191	UNMEASURED	PROMISE
CLM-192	UNMEASURED	PROMISE
CLM-193	UNMEASURED	PROMISE
CLM-194	UNMEASURED	PROMISE
CLM-195	UNMEASURED	PROMISE
CLM-196	UNMEASURED	PROMISE
CLM-197	UNMEASURED	PROMISE
CLM-198	UNMEASURED	PROMISE
CLM-199	UNMEASURED	PROMISE
CLM-200	UNMEASURED	PROMISE
CLM-201	UNMEASURED	PROMISE
CLM-202	UNMEASURED	PROMISE
CLM-203	UNMEASURED	PROMISE
CLM-204	UNMEASURED	PROMISE
CLM-205	UNMEASURED	PROMISE
CLM-206	UNMEASURED	PROMISE
CLM-207	UNMEASURED	PROMISE
CLM-208	UNMEASURED	HISTORICAL
CLM-209	UNMEASURED	HISTORICAL
CLM-210	UNMEASURED	HISTORICAL
CLM-211	UNMEASURED	HISTORICAL
CLM-212	UNMEASURED	PROMISE
CLM-213	UNMEASURED	PROMISE
CLM-214	UNMEASURED	HISTORICAL
CLM-215	UNMEASURED	PROMISE
CLM-216	UNMEASURED	PROMISE
CLM-217	UNMEASURED	PROMISE
CLM-218	UNMEASURED	PROMISE
CLM-219	UNMEASURED	HISTORICAL
CLM-220	UNMEASURED	UNREVIEWED
CLM-221	UNMEASURED	PROVENANCE
CLM-222	F-WF	8 autonomous GitHub Actions workflows
CLM-223	UNMEASURED	UNREVIEWED
CLM-224	UNMEASURED	UNREVIEWED
CLM-225	UNMEASURED	UNREVIEWED
CLM-226	UNMEASURED	UNREVIEWED
CLM-227	UNMEASURED	UNREVIEWED
CLM-228	UNMEASURED	UNREVIEWED
CLM-229	UNMEASURED	PROVENANCE
CLM-230	F-CRON-PIPE	02:13 + 10:13 UTC
CLM-231	UNMEASURED	UNREVIEWED
CLM-232	UNMEASURED	UNREVIEWED
CLM-233	F-CRON-MAD	02:43 + 10:43 UTC
CLM-234	UNMEASURED	UNREVIEWED
CLM-235	UNMEASURED	UNREVIEWED
CLM-236	UNMEASURED	UNREVIEWED
CLM-237	UNMEASURED	UNREVIEWED
CLM-238	UNMEASURED	UNREVIEWED
CLM-239	UNMEASURED	UNREVIEWED
CLM-240	UNMEASURED	UNREVIEWED
CLM-241	UNMEASURED	UNREVIEWED
CLM-242	F-CRON-PIPE	02:13+10:13 UTC
CLM-243	F-RSS	42+ global news feeds
CLM-244	UNMEASURED	PROMISE
CLM-245	UNMEASURED	UNREVIEWED
CLM-246	F-INJ	81-pattern
CLM-247	UNMEASURED	UNREVIEWED
CLM-248	UNMEASURED	UNREVIEWED
CLM-249	UNMEASURED	UNREVIEWED
CLM-250	UNMEASURED	UNREVIEWED
CLM-251	UNMEASURED	UNREVIEWED
CLM-252	UNMEASURED	UNREVIEWED
CLM-253	UNMEASURED	UNREVIEWED
CLM-254	UNMEASURED	UNREVIEWED
CLM-255	UNMEASURED	UNREVIEWED
CLM-256	UNMEASURED	UNREVIEWED
CLM-257	UNMEASURED	UNREVIEWED
CLM-258	UNMEASURED	UNREVIEWED
CLM-259	UNMEASURED	UNREVIEWED
CLM-260	UNMEASURED	UNREVIEWED
CLM-261	UNMEASURED	UNREVIEWED
CLM-262	UNMEASURED	UNREVIEWED
CLM-263	UNMEASURED	UNREVIEWED
CLM-264	UNMEASURED	UNREVIEWED
CLM-265	UNMEASURED	UNREVIEWED
CLM-266	UNMEASURED	UNREVIEWED
CLM-267	UNMEASURED	UNREVIEWED
CLM-268	UNMEASURED	UNREVIEWED
CLM-269	F-PAGES	35 pages
CLM-270	UNMEASURED	UNREVIEWED
CLM-271	UNMEASURED	UNREVIEWED
CLM-272	F-WF	8 workflows
CLM-273	UNMEASURED	UNREVIEWED
CLM-274	UNMEASURED	UNREVIEWED
CLM-275	UNMEASURED	UNREVIEWED
CLM-276	F-WF	8 GitHub Actions workflows
CLM-277	UNMEASURED	UNREVIEWED
CLM-278	UNMEASURED	UNREVIEWED
CLM-279	UNMEASURED	UNREVIEWED
CLM-280	UNMEASURED	UNREVIEWED
CLM-281	UNMEASURED	UNREVIEWED
CLM-282	UNMEASURED	UNREVIEWED
CLM-283	UNMEASURED	UNREVIEWED
CLM-284	UNMEASURED	UNREVIEWED
CLM-285	UNMEASURED	UNREVIEWED
CLM-286	UNMEASURED	UNREVIEWED
CLM-287	UNMEASURED	PROVENANCE
CLM-288	UNMEASURED	UNREVIEWED
CLM-289	UNMEASURED	UNREVIEWED
CLM-290	F-INJ	81 patterns
CLM-290	F-RSS	42 sources
CLM-291	UNMEASURED	UNREVIEWED
CLM-292	UNMEASURED	UNREVIEWED
CLM-293	UNMEASURED	UNREVIEWED
CLM-294	UNMEASURED	UNREVIEWED
CLM-295	UNMEASURED	UNREVIEWED
CLM-296	UNMEASURED	UNREVIEWED
CLM-297	UNMEASURED	UNREVIEWED
CLM-298	UNMEASURED	UNREVIEWED
CLM-299	UNMEASURED	UNREVIEWED
CLM-300	UNMEASURED	UNREVIEWED
CLM-301	UNMEASURED	UNREVIEWED
CLM-302	F-RSS	42 global news sources
CLM-303	UNMEASURED	UNREVIEWED
CLM-304	F-INJ	81-Pattern
CLM-305	F-INJ	81-pattern
CLM-306	UNMEASURED	UNREVIEWED
CLM-307	UNMEASURED	UNREVIEWED
CLM-308	UNMEASURED	UNREVIEWED
CLM-309	UNMEASURED	UNREVIEWED
CLM-310	UNMEASURED	UNREVIEWED
CLM-311	UNMEASURED	UNREVIEWED
CLM-312	UNMEASURED	UNREVIEWED
CLM-313	UNMEASURED	UNREVIEWED
CLM-314	UNMEASURED	UNREVIEWED
CLM-315	UNMEASURED	UNREVIEWED
CLM-316	UNMEASURED	UNREVIEWED
CLM-317	UNMEASURED	UNREVIEWED
CLM-318	UNMEASURED	UNREVIEWED
CLM-319	UNMEASURED	UNREVIEWED
CLM-320	UNMEASURED	UNREVIEWED
CLM-321	UNMEASURED	UNREVIEWED
CLM-322	UNMEASURED	UNREVIEWED
CLM-323	UNMEASURED	UNREVIEWED
CLM-324	UNMEASURED	UNREVIEWED
CLM-325	UNMEASURED	UNREVIEWED
CLM-326	UNMEASURED	UNREVIEWED
CLM-327	UNMEASURED	UNREVIEWED
CLM-328	UNMEASURED	PROMISE
CLM-329	UNMEASURED	UNREVIEWED
CLM-330	UNMEASURED	UNREVIEWED
CLM-331	UNMEASURED	UNREVIEWED
CLM-332	UNMEASURED	PROVENANCE
CLM-333	UNMEASURED	UNREVIEWED
CLM-334	UNMEASURED	UNREVIEWED
CLM-335	UNMEASURED	UNREVIEWED
CLM-336	UNMEASURED	UNREVIEWED
CLM-337	UNMEASURED	UNREVIEWED
CLM-338	UNMEASURED	UNREVIEWED
CLM-339	F-RSS	42 RSS sources
CLM-340	UNMEASURED	UNREVIEWED
CLM-341	UNMEASURED	UNREVIEWED
CLM-342	UNMEASURED	UNREVIEWED
CLM-343	UNMEASURED	UNREVIEWED
CLM-344	UNMEASURED	UNREVIEWED
CLM-345	UNMEASURED	UNREVIEWED
CLM-346	UNMEASURED	UNREVIEWED
CLM-347	UNMEASURED	UNREVIEWED
CLM-348	UNMEASURED	UNREVIEWED
CLM-349	UNMEASURED	UNREVIEWED
CLM-350	UNMEASURED	UNREVIEWED
CLM-351	UNMEASURED	UNREVIEWED
CLM-352	UNMEASURED	UNREVIEWED
CLM-353	UNMEASURED	UNREVIEWED
CLM-354	UNMEASURED	UNREVIEWED
CLM-355	UNMEASURED	UNREVIEWED
CLM-356	UNMEASURED	UNREVIEWED
CLM-357	UNMEASURED	UNREVIEWED
CLM-358	UNMEASURED	UNREVIEWED
CLM-359	UNMEASURED	UNREVIEWED
CLM-360	UNMEASURED	UNREVIEWED
CLM-361	UNMEASURED	UNREVIEWED
CLM-362	UNMEASURED	UNREVIEWED
CLM-363	F-INJ	81-pattern
CLM-364	F-ROUTES	28 endpoints
CLM-365	F-RSS	42 RSS slots
CLM-366	UNMEASURED	UNREVIEWED
CLM-367	UNMEASURED	UNREVIEWED
CLM-368	UNMEASURED	UNREVIEWED
CLM-369	UNMEASURED	UNREVIEWED
CLM-370	UNMEASURED	UNREVIEWED
CLM-371	UNMEASURED	UNREVIEWED
CLM-372	UNMEASURED	UNREVIEWED
CLM-373	UNMEASURED	UNREVIEWED
CLM-374	UNMEASURED	PROVENANCE
CLM-375	UNMEASURED	UNREVIEWED
CLM-376	UNMEASURED	UNREVIEWED
CLM-377	UNMEASURED	UNREVIEWED
CLM-378	UNMEASURED	UNREVIEWED
CLM-379	UNMEASURED	UNREVIEWED
CLM-380	UNMEASURED	UNREVIEWED
CLM-381	UNMEASURED	UNREVIEWED
CLM-382	UNMEASURED	UNREVIEWED
CLM-383	UNMEASURED	UNREVIEWED
CLM-384	F-INJ	70 injection patterns
CLM-385	UNMEASURED	UNREVIEWED
CLM-386	F-RSS	42 RSS sources
CLM-387	UNMEASURED	UNREVIEWED
CLM-388	UNMEASURED	UNREVIEWED
CLM-389	UNMEASURED	UNREVIEWED
CLM-390	UNMEASURED	UNREVIEWED
CLM-391	UNMEASURED	UNREVIEWED
CLM-392	UNMEASURED	UNREVIEWED
CLM-393	UNMEASURED	UNREVIEWED
CLM-394	UNMEASURED	UNREVIEWED
CLM-395	UNMEASURED	UNREVIEWED
CLM-396	UNMEASURED	UNREVIEWED
CLM-397	F-RSS	42 RSS source
CLM-398	UNMEASURED	UNREVIEWED
CLM-399	UNMEASURED	UNREVIEWED
CLM-400	UNMEASURED	UNREVIEWED
CLM-401	UNMEASURED	UNREVIEWED
CLM-402	UNMEASURED	UNREVIEWED
CLM-403	UNMEASURED	UNREVIEWED
CLM-404	UNMEASURED	UNREVIEWED
CLM-405	UNMEASURED	UNREVIEWED
CLM-406	UNMEASURED	UNREVIEWED
CLM-407	UNMEASURED	UNREVIEWED
CLM-408	UNMEASURED	PROVENANCE
CLM-409	UNMEASURED	UNREVIEWED
CLM-410	UNMEASURED	UNREVIEWED
CLM-411	UNMEASURED	UNREVIEWED
CLM-412	UNMEASURED	UNREVIEWED
CLM-413	UNMEASURED	UNREVIEWED
CLM-414	UNMEASURED	UNREVIEWED
CLM-415	UNMEASURED	UNREVIEWED
CLM-416	UNMEASURED	UNREVIEWED
CLM-417	UNMEASURED	UNREVIEWED
CLM-418	UNMEASURED	UNREVIEWED
CLM-419	UNMEASURED	UNREVIEWED
CLM-420	UNMEASURED	UNREVIEWED
CLM-421	UNMEASURED	PROMISE
CLM-422	UNMEASURED	PROMISE
CLM-423	UNMEASURED	PROMISE
CLM-424	UNMEASURED	PROMISE
CLM-425	UNMEASURED	UNREVIEWED
CLM-426	UNMEASURED	PROMISE
CLM-427	UNMEASURED	UNREVIEWED
CLM-428	UNMEASURED	UNREVIEWED
CLM-429	UNMEASURED	UNREVIEWED
CLM-430	UNMEASURED	UNREVIEWED
CLM-431	UNMEASURED	UNREVIEWED
CLM-432	UNMEASURED	UNREVIEWED
CLM-433	UNMEASURED	UNREVIEWED
CLM-434	UNMEASURED	UNREVIEWED
CLM-435	UNMEASURED	UNREVIEWED
CLM-436	UNMEASURED	UNREVIEWED
CLM-437	UNMEASURED	UNREVIEWED
CLM-438	UNMEASURED	UNREVIEWED
CLM-439	UNMEASURED	UNREVIEWED
CLM-440	UNMEASURED	UNREVIEWED
CLM-441	UNMEASURED	UNREVIEWED
CLM-442	UNMEASURED	PROVENANCE
CLM-443	UNMEASURED	UNREVIEWED
CLM-444	UNMEASURED	PROMISE
CLM-445	UNMEASURED	UNREVIEWED
CLM-446	UNMEASURED	PROMISE
CLM-447	UNMEASURED	UNREVIEWED
CLM-448	UNMEASURED	UNREVIEWED
CLM-449	UNMEASURED	UNREVIEWED
CLM-450	UNMEASURED	UNREVIEWED
CLM-451	F-INJ	81-pattern
CLM-451	F-WF	8 GitHub Actions workflows
CLM-452	UNMEASURED	UNREVIEWED
CLM-453	UNMEASURED	UNREVIEWED
CLM-454	UNMEASURED	UNREVIEWED
CLM-455	UNMEASURED	PROMISE
CLM-456	UNMEASURED	PROMISE
CLM-457	UNMEASURED	PROVENANCE
CLM-458	UNMEASURED	UNREVIEWED
CLM-459	UNMEASURED	PROVENANCE
CLM-460	UNMEASURED	UNREVIEWED
CLM-461	UNMEASURED	UNREVIEWED
CLM-462	UNMEASURED	UNREVIEWED
CLM-463	UNMEASURED	UNREVIEWED
CLM-464	UNMEASURED	UNREVIEWED
CLM-465	UNMEASURED	UNREVIEWED
CLM-466	UNMEASURED	UNREVIEWED
CLM-467	UNMEASURED	UNREVIEWED
CLM-468	UNMEASURED	UNREVIEWED
CLM-469	UNMEASURED	PROMISE
CLM-470	UNMEASURED	PROMISE
CLM-471	UNMEASURED	UNREVIEWED
CLM-472	UNMEASURED	UNREVIEWED
CLM-473	UNMEASURED	PROVENANCE
CLM-474	UNMEASURED	UNREVIEWED
CLM-475	UNMEASURED	UNREVIEWED
CLM-476	UNMEASURED	UNREVIEWED
CLM-477	UNMEASURED	UNREVIEWED
CLM-478	UNMEASURED	UNREVIEWED
CLM-479	UNMEASURED	UNREVIEWED
CLM-480	UNMEASURED	UNREVIEWED
CLM-481	UNMEASURED	UNREVIEWED
CLM-482	UNMEASURED	UNREVIEWED
CLM-483	UNMEASURED	UNREVIEWED
CLM-484	UNMEASURED	UNREVIEWED
CLM-485	UNMEASURED	UNREVIEWED
CLM-486	UNMEASURED	PROMISE
CLM-487	UNMEASURED	UNREVIEWED
CLM-488	UNMEASURED	UNREVIEWED
CLM-489	UNMEASURED	UNREVIEWED
CLM-490	UNMEASURED	PROMISE
CLM-491	UNMEASURED	UNREVIEWED
CLM-492	F-CRON-PIPE	09:00 and 17:00 Myanmar time
CLM-493	UNMEASURED	UNREVIEWED
CLM-494	UNMEASURED	UNREVIEWED
CLM-495	UNMEASURED	UNREVIEWED
CLM-496	UNMEASURED	UNREVIEWED
CLM-497	UNMEASURED	UNREVIEWED
CLM-498	F-RSS	42 RSS sources
CLM-499	UNMEASURED	UNREVIEWED
CLM-500	UNMEASURED	UNREVIEWED
CLM-501	UNMEASURED	UNREVIEWED
CLM-502	UNMEASURED	UNREVIEWED
CLM-503	UNMEASURED	UNREVIEWED
CLM-504	UNMEASURED	UNREVIEWED
CLM-505	UNMEASURED	PROVENANCE
CLM-506	UNMEASURED	UNREVIEWED
CLM-507	UNMEASURED	UNREVIEWED
CLM-508	UNMEASURED	UNREVIEWED
CLM-509	UNMEASURED	UNREVIEWED
CLM-510	UNMEASURED	UNREVIEWED
CLM-511	UNMEASURED	UNREVIEWED
CLM-512	UNMEASURED	UNREVIEWED
CLM-513	UNMEASURED	UNREVIEWED
CLM-514	UNMEASURED	UNREVIEWED
CLM-515	UNMEASURED	UNREVIEWED
CLM-516	UNMEASURED	UNREVIEWED
CLM-517	UNMEASURED	UNREVIEWED
CLM-518	UNMEASURED	UNREVIEWED
CLM-519	UNMEASURED	UNREVIEWED
CLM-520	UNMEASURED	UNREVIEWED
CLM-521	UNMEASURED	UNREVIEWED
CLM-522	UNMEASURED	UNREVIEWED
CLM-523	UNMEASURED	UNREVIEWED
CLM-524	UNMEASURED	UNREVIEWED
CLM-525	UNMEASURED	UNREVIEWED
CLM-526	UNMEASURED	PROVENANCE
CLM-527	UNMEASURED	UNREVIEWED
CLM-528	UNMEASURED	UNREVIEWED
CLM-529	UNMEASURED	UNREVIEWED
CLM-530	UNMEASURED	UNREVIEWED
CLM-531	UNMEASURED	UNREVIEWED
CLM-532	UNMEASURED	UNREVIEWED
CLM-533	UNMEASURED	UNREVIEWED
CLM-534	UNMEASURED	UNREVIEWED
CLM-535	UNMEASURED	UNREVIEWED
CLM-536	UNMEASURED	UNREVIEWED
CLM-537	F-WF	8 autonomous GitHub Actions workflows
CLM-538	UNMEASURED	UNREVIEWED
CLM-539	UNMEASURED	UNREVIEWED
CLM-540	UNMEASURED	UNREVIEWED
CLM-541	UNMEASURED	UNREVIEWED
CLM-542	UNMEASURED	UNREVIEWED
CLM-543	UNMEASURED	UNREVIEWED
CLM-544	UNMEASURED	UNREVIEWED
CLM-545	UNMEASURED	UNREVIEWED
CLM-546	UNMEASURED	UNREVIEWED
CLM-547	UNMEASURED	UNREVIEWED
CLM-548	UNMEASURED	UNREVIEWED
CLM-549	UNMEASURED	PROVENANCE
CLM-550	UNMEASURED	UNREVIEWED
CLM-551	UNMEASURED	UNREVIEWED
CLM-552	UNMEASURED	UNREVIEWED
CLM-553	UNMEASURED	PROMISE
CLM-554	UNMEASURED	PROMISE
CLM-555	UNMEASURED	UNREVIEWED
CLM-556	UNMEASURED	PROMISE
CLM-557	UNMEASURED	UNREVIEWED
CLM-558	UNMEASURED	UNREVIEWED
CLM-559	UNMEASURED	PROVENANCE
CLM-560	UNMEASURED	UNREVIEWED
CLM-561	UNMEASURED	UNREVIEWED
CLM-562	UNMEASURED	UNREVIEWED
CLM-563	UNMEASURED	UNREVIEWED
CLM-564	UNMEASURED	UNREVIEWED
CLM-565	UNMEASURED	UNREVIEWED
CLM-566	UNMEASURED	UNREVIEWED
CLM-567	UNMEASURED	UNREVIEWED
CLM-568	UNMEASURED	UNREVIEWED
CLM-569	UNMEASURED	UNREVIEWED
CLM-570	UNMEASURED	UNREVIEWED
CLM-571	UNMEASURED	UNREVIEWED
CLM-572	UNMEASURED	UNREVIEWED
CLM-573	UNMEASURED	UNREVIEWED
CLM-574	UNMEASURED	PROVENANCE
CLM-575	UNMEASURED	UNREVIEWED
CLM-576	UNMEASURED	UNREVIEWED
CLM-577	UNMEASURED	UNREVIEWED
CLM-578	UNMEASURED	UNREVIEWED
CLM-579	UNMEASURED	UNREVIEWED
CLM-580	UNMEASURED	PROMISE
CLM-581	UNMEASURED	PROMISE
CLM-582	UNMEASURED	PROMISE
CLM-583	UNMEASURED	PROMISE
CLM-584	UNMEASURED	PROMISE
CLM-585	UNMEASURED	PROMISE
CLM-586	UNMEASURED	UNREVIEWED
CLM-587	UNMEASURED	UNREVIEWED
CLM-588	UNMEASURED	PROMISE
CLM-589	UNMEASURED	UNREVIEWED
CLM-590	UNMEASURED	UNREVIEWED
CLM-591	UNMEASURED	PROVENANCE
CLM-592	UNMEASURED	UNREVIEWED
CLM-593	UNMEASURED	UNREVIEWED
CLM-594	UNMEASURED	UNREVIEWED
CLM-595	UNMEASURED	UNREVIEWED
CLM-596	UNMEASURED	UNREVIEWED
CLM-597	UNMEASURED	PROVENANCE
CLM-598	UNMEASURED	UNREVIEWED
CLM-599	UNMEASURED	UNREVIEWED
CLM-600	UNMEASURED	UNREVIEWED
CLM-601	UNMEASURED	UNREVIEWED
CLM-602	UNMEASURED	UNREVIEWED
CLM-603	UNMEASURED	UNREVIEWED
CLM-604	UNMEASURED	UNREVIEWED
CLM-605	UNMEASURED	UNREVIEWED
CLM-606	UNMEASURED	UNREVIEWED
CLM-607	UNMEASURED	UNREVIEWED
CLM-608	UNMEASURED	PROMISE
CLM-609	UNMEASURED	UNREVIEWED
CLM-610	UNMEASURED	PROMISE
CLM-611	UNMEASURED	PROMISE
CLM-612	UNMEASURED	PROMISE
CLM-613	UNMEASURED	UNREVIEWED
CLM-614	UNMEASURED	PROMISE
CLM-615	UNMEASURED	PROMISE
CLM-616	UNMEASURED	PROVENANCE
CLM-617	UNMEASURED	UNREVIEWED
CLM-618	UNMEASURED	UNREVIEWED
CLM-619	UNMEASURED	UNREVIEWED
CLM-620	UNMEASURED	UNREVIEWED
CLM-621	UNMEASURED	UNREVIEWED
CLM-622	UNMEASURED	UNREVIEWED
CLM-623	UNMEASURED	UNREVIEWED
CLM-624	UNMEASURED	UNREVIEWED
CLM-625	UNMEASURED	UNREVIEWED
CLM-626	UNMEASURED	UNREVIEWED
CLM-627	UNMEASURED	PROVENANCE
CLM-628	UNMEASURED	UNREVIEWED
CLM-629	UNMEASURED	UNREVIEWED
CLM-630	UNMEASURED	UNREVIEWED
CLM-631	UNMEASURED	UNREVIEWED
CLM-632	UNMEASURED	UNREVIEWED
CLM-633	UNMEASURED	PROMISE
CLM-634	UNMEASURED	UNREVIEWED
CLM-635	UNMEASURED	UNREVIEWED
CLM-636	UNMEASURED	PROMISE
CLM-637	UNMEASURED	PROMISE
CLM-638	UNMEASURED	PROMISE
CLM-639	UNMEASURED	PROMISE
CLM-640	UNMEASURED	PROMISE
CLM-641	UNMEASURED	UNREVIEWED
CLM-642	UNMEASURED	UNREVIEWED
CLM-643	UNMEASURED	UNREVIEWED
CLM-644	UNMEASURED	PROVENANCE
CLM-645	UNMEASURED	UNREVIEWED
CLM-646	UNMEASURED	UNREVIEWED
CLM-647	UNMEASURED	UNREVIEWED
CLM-648	UNMEASURED	UNREVIEWED
CLM-649	UNMEASURED	UNREVIEWED
CLM-650	UNMEASURED	UNREVIEWED
CLM-651	UNMEASURED	UNREVIEWED
CLM-652	UNMEASURED	UNREVIEWED
CLM-653	UNMEASURED	PROVENANCE
CLM-654	UNMEASURED	UNREVIEWED
CLM-655	F-INJ	70 prompt injection patterns
CLM-656	UNMEASURED	UNREVIEWED
CLM-657	UNMEASURED	UNREVIEWED
CLM-658	UNMEASURED	UNREVIEWED
CLM-659	UNMEASURED	UNREVIEWED
CLM-660	UNMEASURED	PROVENANCE
CLM-661	UNMEASURED	UNREVIEWED
CLM-662	UNMEASURED	UNREVIEWED
CLM-663	UNMEASURED	UNREVIEWED
CLM-664	UNMEASURED	UNREVIEWED
CLM-665	UNMEASURED	UNREVIEWED
CLM-666	UNMEASURED	UNREVIEWED
CLM-667	UNMEASURED	UNREVIEWED
CLM-668	UNMEASURED	PROVENANCE
CLM-669	UNMEASURED	UNREVIEWED
CLM-670	UNMEASURED	UNREVIEWED
CLM-671	UNMEASURED	UNREVIEWED
CLM-672	UNMEASURED	UNREVIEWED
CLM-673	UNMEASURED	UNREVIEWED
CLM-674	UNMEASURED	UNREVIEWED
CLM-675	UNMEASURED	UNREVIEWED
CLM-676	UNMEASURED	UNREVIEWED
CLM-677	UNMEASURED	PROVENANCE
CLM-678	UNMEASURED	UNREVIEWED
CLM-679	UNMEASURED	UNREVIEWED
CLM-680	UNMEASURED	UNREVIEWED
CLM-681	UNMEASURED	UNREVIEWED
CLM-682	UNMEASURED	UNREVIEWED
CLM-683	UNMEASURED	PROMISE
CLM-684	UNMEASURED	UNREVIEWED
CLM-685	UNMEASURED	UNREVIEWED
CLM-686	UNMEASURED	UNREVIEWED
CLM-687	UNMEASURED	PROVENANCE
CLM-688	UNMEASURED	UNREVIEWED
CLM-689	UNMEASURED	UNREVIEWED
CLM-690	UNMEASURED	UNREVIEWED
CLM-691	UNMEASURED	UNREVIEWED
CLM-692	UNMEASURED	UNREVIEWED
CLM-693	UNMEASURED	UNREVIEWED
CLM-694	UNMEASURED	UNREVIEWED
CLM-695	UNMEASURED	PROVENANCE
CLM-696	UNMEASURED	UNREVIEWED
CLM-697	UNMEASURED	UNREVIEWED
CLM-698	UNMEASURED	UNREVIEWED
CLM-699	UNMEASURED	UNREVIEWED
CLM-700	UNMEASURED	PROVENANCE
CLM-701	UNMEASURED	UNREVIEWED
CLM-702	UNMEASURED	UNREVIEWED
CLM-703	UNMEASURED	UNREVIEWED
CLM-704	UNMEASURED	PROMISE
CLM-705	UNMEASURED	PROMISE
CLM-706	UNMEASURED	PROMISE
CLM-707	UNMEASURED	PROMISE
CLM-708	UNMEASURED	PROMISE
CLM-709	UNMEASURED	PROMISE
CLM-710	UNMEASURED	PROMISE
CLM-711	UNMEASURED	PROMISE
CLM-712	UNMEASURED	PROVENANCE
CLM-713	UNMEASURED	UNREVIEWED
CLM-714	UNMEASURED	UNREVIEWED
CLM-715	UNMEASURED	PROMISE
CLM-716	UNMEASURED	UNREVIEWED
CLM-717	UNMEASURED	UNREVIEWED
CLM-718	UNMEASURED	PROVENANCE
CLM-719	UNMEASURED	UNREVIEWED
CLM-720	UNMEASURED	UNREVIEWED
CLM-721	UNMEASURED	UNREVIEWED
CLM-722	UNMEASURED	UNREVIEWED
CLM-723	UNMEASURED	UNREVIEWED
CLM-724	UNMEASURED	PROVENANCE
CLM-725	UNMEASURED	UNREVIEWED
CLM-726	UNMEASURED	UNREVIEWED
CLM-727	UNMEASURED	UNREVIEWED
CLM-728	UNMEASURED	PROVENANCE
CLM-729	UNMEASURED	UNREVIEWED
CLM-730	UNMEASURED	UNREVIEWED
CLM-731	UNMEASURED	UNREVIEWED
CLM-732	UNMEASURED	PROVENANCE
CLM-733	UNMEASURED	UNREVIEWED
CLM-734	UNMEASURED	UNREVIEWED
CLM-735	UNMEASURED	PROVENANCE
CLM-736	UNMEASURED	UNREVIEWED
CLM-737	UNMEASURED	UNREVIEWED
CLM-738	UNMEASURED	UNREVIEWED
CLM-739	UNMEASURED	UNREVIEWED
CLM-740	UNMEASURED	UNREVIEWED
CLM-741	UNMEASURED	PROVENANCE
CLM-742	UNMEASURED	UNREVIEWED
CLM-743	UNMEASURED	PROVENANCE
CLM-744	UNMEASURED	UNREVIEWED
CLM-745	UNMEASURED	UNREVIEWED
CLM-498	F-INJ	70 prompt injection patterns
CLM-746	UNMEASURED	QUALITATIVE
CLM-747	UNMEASURED	QUALITATIVE
CLM-748	UNMEASURED	QUALITATIVE
CLM-749	F-INJ	81 injection patterns
CLM-750	F-INJ	81-pattern
CLM-751	F-CRON-PIPE	08:43 and 16:43 Myanmar time
CLM-752	F-RSS	42 RSS sources
CLM-752	F-INJ	81 prompt injection patterns
CLM-753	UNMEASURED	QUALITATIVE
CLM-754	F-INJ	81 prompt injection patterns
